name,email,age,birthday
Flora Watkins,kizri@rojuoma.nu,53,2/6/1966
Luke Dixon,zulvej@ke.in,52,6/18/1976
Irene Fox,gatlazlan@adu.dz,42,10/5/1963
Rosalie Cruz,tejnop@ewumi.pt,38,5/11/1971
Maud Rodriquez,cacuc@af.tv,48,8/26/1966
Betty McDaniel,reju@jahaide.an,19,10/3/1994
Callie Ward,oveoh@bumvakih.om,39,4/18/1963
Hunter Patton,he@puw.eg,23,12/13/1954
Florence Gonzalez,cek@sufucebu.tn,65,11/26/1971
Lois Jennings,fibuj@lup.pl,34,12/18/1962
Aiden Chapman,mov@soliztu.mc,48,6/22/1981
Dustin Drake,av@puto.th,60,4/10/1958
Mary Moore,ud@rupod.tp,28,4/16/1976
Derek Henry,wuj@diiza.mc,52,6/26/2000
Larry Caldwell,savabafob@nurim.fr,37,8/24/1953
Zachary Keller,jo@budwuje.ki,52,8/3/1985
Inez Carter,zucbo@baj.eh,27,1/18/1976
Leona Newman,wivuf@to.hn,22,6/23/1996
John Zimmerman,dukugav@su.cw,42,4/30/1999
Mike Atkins,il@jouja.tc,37,10/7/1962
Cynthia Weaver,welwaz@magod.is,44,8/14/1981
Chris Mendoza,aporohde@peaju.gr,18,10/19/1956
Mittie Patrick,denwa@jewrair.ng,55,6/12/1970
Todd Matthews,ficait@dagzepda.mp,36,6/27/1964
Louise Scott,po@izuoho.ge,33,11/6/1954
Mabel Atkins,adacuk@imouji.td,60,7/5/1985
Lelia Miles,lepi@kivjigu.de,49,4/29/1983
Lillian Rodgers,vifwofsus@foftupo.mt,28,8/3/1975
Genevieve Lindsey,fegisar@fuw.gn,31,10/3/1970
Sallie Hart,towug@ru.et,58,6/22/1954
Jack Carr,kerfu@zub.ao,34,6/16/1984
Daisy Hampton,gitwe@jur.lb,65,5/11/1988
Sam Patrick,ihpav@hog.mp,36,3/2/1962
Ida Holland,touti@cis.us,36,1/18/1992
Jim Newton,cafi@lenva.ky,22,3/7/1973
Clyde McDonald,efalim@bete.edu,51,10/17/2000
Harvey Snyder,socma@ufeidiona.hk,59,6/3/1985
Lilly Graham,ujtu@weciro.vc,62,5/19/1960
Isabella Bryant,few@gifcu.tk,47,1/20/1963
Lottie McDaniel,reljodeb@sespi.ci,30,9/10/1968
Adam Luna,mamnowtan@welovi.ky,23,9/24/1958
Lida McKinney,ora@cobamiv.ng,48,2/20/1966
Chad Day,ivu@ijove.sb,32,8/1/1985
Cameron Park,gasoje@midundob.su,47,7/19/1957
Polly Jenkins,dehaka@acite.ar,55,4/4/1956
Luis Bates,nanpucam@bag.tn,56,12/3/1966
Jim Gordon,de@riif.no,52,9/21/1956
Tillie Warren,aktuvej@baoluciv.mx,44,10/1/1965
Chad Wilkerson,rokafewo@gesdo.mp,42,7/1/2000
Eric Carter,igufoboj@buumal.sz,35,3/7/1959
Bess Armstrong,mecnezu@uv.lc,28,3/17/1996
Eleanor Gibbs,kose@di.aq,61,9/3/1965
Gussie Banks,fuz@ubuvulew.cl,33,12/14/1985
Edgar Baldwin,uckun@gipiraw.ag,51,2/25/1972
Joel Valdez,assuhdo@febo.sc,55,11/30/1963
Isabelle Sandoval,gop@bu.bj,26,1/10/1955
Lydia Ross,befed@az.cr,22,9/1/1995
Carlos Frank,gamzajbu@zi.mv,56,4/7/1979
Bessie Newton,gophekmip@un.gh,25,1/10/1973
Peter Barton,go@ifogo.bd,54,8/23/1987
Emily Gilbert,pesecji@purepnag.ad,25,6/3/1977
Isaac Baldwin,rew@otulhoh.kn,20,7/18/1990
Evelyn Quinn,hoveh@mabu.lt,25,4/4/1975
Erik Summers,zej@pan.ls,36,8/15/1989
Tyler Collins,talpiup@aki.mo,21,3/15/1966
Estelle McGee,soj@newovki.eg,46,11/7/1963
Vera Meyer,capucibe@dennecid.tp,55,3/23/1960
Minnie Gonzalez,kup@gajof.yt,64,5/31/1961
Leila Ryan,kumzev@cel.fk,46,8/8/1963
Jennie Stevens,gaf@bezam.bh,32,1/17/1991
Amelia Douglas,puktimu@gud.cv,33,6/27/1981
Mary Farmer,acme@decnefbed.gb,27,9/24/1996
Christian Myers,ehporo@rozozo.sx,45,12/14/1999
Henry Bradley,ivdi@rewuhugo.lv,47,10/24/1976
Marion Castillo,suse@ozuwu.ml,44,1/11/1954
Clara Owens,gi@jadpoba.bm,53,8/1/1979
Jerry Curry,ebiefa@nu.fo,41,4/9/1968
Rosie Moore,setu@avtatbem.bf,55,12/31/1998
Franklin Thomas,tunra@osurro.tn,41,4/8/1992
Emily Tyler,kohe@guc.sn,51,2/17/1957
Ivan Dennis,enefujoj@pib.dz,60,2/14/1992
Kevin Cruz,egvoz@bisan.bm,33,9/13/1979
Lena Walsh,ibasa@oc.cm,48,12/23/1963
Henrietta Conner,poak@bukwu.mv,23,4/1/1964
Sue Silva,jatwod@cuscarhuw.in,37,1/9/1985
Katie Rowe,up@teb.ma,62,10/26/1971
Pauline Benson,jazravjud@josjam.br,23,12/12/1976
Lois Christensen,ciebaef@sewrawsa.kr,61,9/10/1965
Nina Wise,uruko@rajineh.pw,43,8/28/1977
Mason Jimenez,fe@sahpo.mp,50,10/19/1977
Alma Ryan,wofosa@orwov.st,36,3/2/1953
Dennis Brooks,hij@esazbub.za,18,3/2/1995
Glen Ramsey,iri@wogke.hk,46,11/7/1991
Dorothy Cox,ofitud@cuuzu.si,55,12/16/1998
Nathan Wells,api@jejeito.sk,28,11/29/1955
Callie Gonzales,vu@vackefe.gm,33,5/6/1968
Austin Strickland,as@jonu.ps,49,11/30/1957
Jeff Byrd,gociwku@ruzbetsuz.sd,29,11/27/1995
Georgie Lloyd,egouhu@guv.gt,23,2/27/1970
Jason Collier,uc@digzowtor.cu,49,11/30/1969

